name,directory,commit
Comcast/rulio,f0/89/25754,747f51edf866a77ee45c0a366d6ed268223c1a73
nimajalali/go-force,8e/c4/243418,0244aa9b56bd8392da9dd02dc810c56a5ba9a4d5
guregu/kami,0a/95/361196,30dd5200243ade9e445b6e8b544ea4cd5a5b2e87
qntfy/kazaam,7f/c0/177916,a468ff9747a9005bd421e89d9c2977d7d196c914
jrconlin/pushgo,6f/1d/5991,8c3a4acfb536949ed27a888dc3e7b341853122fc
flosch/pongo2,c9/d4/82757,9d978217a2f84fab35dd17731da1e1c23be32d14
rekby/lets-proxy,f4/ff/406797,16f58a83dddc763fe09b2bb8b2540c64d3721858
valyala/gorpc,30/37/371826,908281bef77441f2d0ec1792189b4032a1dace0c
restic/chunker,67/4c/134941,1542d55ca53d2d8d7b38e890f7a4be90014356af
go-distributed/epaxos,d5/7c/182457,f68e77277f2d0ca9343a74b32079f670de3dd825
enceve/crypto,66/9c/135203,34d48bb938155e3b408f014835ee1f6e3b4c2672
cloudfoundry/garden-runc-release,d2/2a/41469,db73a9a6b44a161c02f560579ce268ec42ccacd0
boltdb/bolt,85/43/243746,e9cf4fae01b5a8ff89d0ec6b32f0d9c9f79aefdd
valyala/ybc,c2/83/111521,7f424c60224c4b1ff1715308818a005ceb8ae29f
google/shipshape,52/37/124978,64093349ae463f7c9ac9493a2947d286a2d102d7
nats-io/go-nats,d7/aa/213570,0f25ebdb0f66fac3de939396a6eeb64d3cee23cd
philhofer/rkive,b4/46/20204,e5dd884d3ea07b341321073882ae28aa16dd11be
wgliang/goreporter,f4/1b/445254,16fac57fb59a2a0874d6c7b5d2dff934848f8747
dustin/go-humanize,6a/81/381441,259d2a102b871d17f30e3cd9881a642961a1e486
tylertreat/BoomFilters,ba/e1/333210,b282640b93f349cd208f8d5921df2cfaf5780ee2
deckarep/golang-set,63/ac/57727,3a36ffa8b5bf7cd329c8834c6b743d6930dad12f
tinylib/msgp,0b/a3/456692,b2b6a672cf1e5b90748f79b8b81fc8c5cf0571a1
toomore/gogrs,a3/80/414695,6ed8f70898cf9ae624f665d4ad1fa86f872712bf
bogem/id3v2,fa/3c/455555,2831979ac77ee756fa448d4a9f2e6c2219c8382c
mesos/mesos-go,c0/fb/24081,7ef6ac766e6ae6565d082792eb10d006736fd8d1
influxdata/telegraf,f9/f8/411907,85aa2124678906098ea4aed7d5e4412ed3810954
g-hyoga/kyuko,89/2c/347961,14ec02216b72697239343f696f6e86a8c84cd54f
chop-dbhi/origins,fc/7e/82559,f714a01712f1d2c31c3c3d95492cd96b58a4b845
metal3d/idok,2b/55/71511,810ce94e0524888fb180dc6992480781bc7c0bd2
codegangsta/martini-contrib,bd/29/104149,8ce6181c2609699e4c7cd30994b76a850a9cdadc
packetb-old/gopacket,ac/2f/107363,9f6f103107a8eeea93a485f4fc7880d7e663e3b9
BenJoyenConseil/bluckdb,66/bf/243078,0f72fe8510852b8f818c3d18cee560a28914e42f
disintegration/imaging,be/0d/101707,ac27d1805a555e1754fa177216ee07f4e63c30b5
semanticize/dumpparser,7d/68/365365,37102bbc0ac6e6e66f7ed0a73256989caa309088
noxiouz/stout,5a/58/36393,2d0278b45dfa979f3a13874d6a20e0890802d485
mdlayher/waveform,16/1b/185085,6b28917edfbacd50bff4d58f951cf80499c952c4
piotrkowalczuk/pqt,f6/38/246834,251e7f0fa7d4b29ae53f11bfbc901442371bcfde
CodisLabs/codis,c8/f7/157067,088c26abd2beeef150a2600c8f9fff7616561ad7
goraft/raft,9a/50/460543,0061b6c82526bd96292f41fa72358ec13ee3853c
tianon/debian-golang-dbus,bb/91/344131,001601eca21b31894f024751a8645875422d9914
tsuna/gohbase,67/f2/70435,af910652e552060bac746a8d0aa351a186ea994d
aerospike/aerospike-client-go,f0/b7/445709,0f3b54da6bdc2c31c505f9afbc5f434dd2089658
andres-erbsen/chatterbox,34/78/89423,9a70a3a9252c00d86b20b51f3373868b0409f205
tendermint/merkleeyes,73/ae/297206,102aaf5a8ffda1846413fb22805a94def2045b9f
soumya92/barista,09/cb/476170,faffa564a742994d550da209998ba67bddb39319
GoRethink/gorethink,a4/ef/227585,166dbe2477ffb44f53f584c5c24d8499e0c12303
mna/pigeon,a0/0e/185631,3ad7b4379454d41dc287081d455492b3b00b81df
gobwas/glob,46/0b/137934,51eb1ee00b6d931c66d229ceeb7c31b985563420
miekg/dns,e8/51/298718,e46719b2fef404d2e531c0dd9055b1c95ff01e2e
ironsmile/nedomi,08/e7/236550,01acf83d0d615b4f8726e94edf4470985ee176de
decred/dcrstakepool,00/83/269792,113986d43f26d067d0b7bb7399e24dd58a767022
agtorre/go-cookbook,e9/02/91676,b319fd2457c2bb575ebbd5874920addfb4b26904
prataprc/goparsec,b5/7d/151125,a8fd883642f438ba06bd46c793dc8562b2eb7749
tinylib/synapse,e5/15/130129,6ebcb988982967981b36671b347a10a783eaa47f
gonum/gonum,4e/34/267439,e8a755127b80b24f2a53ed57f9e67e830fca0a37
Unknwon/com,13/cc/372992,0db4a625e949e956314d7d1adea9bf82384cc10c
ernado/stun,b0/e1/187264,40f6a2ed4e5b89731ce4f50558f49540ac43237b
ardanlabs/kit,c7/91/322131,bbeae29fdd2bcb360124d717a6420bd55ef8f511
tidwall/tile38,ed/08/54203,d9c46a3f29524d414ac2783f71ca7ede0557be51
goshawkdb/server,b5/52/151253,7ef8827413037355f8a71646a8016d4d71aeb4fa
henrylee2cn/pholcus,8a/8d/463813,b49a56ac11c4d2f844c75ab974cb503e55d29c50
dgraph-io/experiments,7b/96/4610,9841dc289feb4454304a0d45a05c0555acfb432f
nelhage/taktician,6d/dc/102026,71d90a747d46230c243161bd6ed325617007d452
AaronGoldman/ccfs,07/99/375626,6fd6c913a0a5c72584053ff99c684fcd92184415
btcsuite/btcd,a7/16/174911,948d80b1988264b0fb6ef009b1a989511f08227e
buger/jsonparser,3d/e2/109203,bb14bb6c38f6cf1706ef55278891d184b6a51b0e
prometheus/common,67/db/436572,0866df4b85a18d652b6965be022d007cdf076822
xtaci/kcp-go,cf/39/474824,ecbba09f83427b7fefe2e9f9c394f6d92827e1a6
optiopay/kafka,39/81/246621,7b7b6a0d49740e36cd39226913b38cecf9ef76cb
go-pg/pg,f6/78/282118,8f850f666a28216bd3676e386d868343e2ab116c
gomqtt/packet,87/9e/19075,40e81e916fe2808e10b6816ef9f4a43d014f5af1
tendermint/go-merkle,15/dc/382902,714d4d04557fd068a7c2a1748241ce8428015a96
Shopify/toxiproxy,95/19/384931,a5f75b4ec210a10c0b4e3ceae7cf6dc16fb35043
DanielRenne/GoCore,cf/cd/431519,b00f763f37720cb627c086be431a7114698eb679
nats-io/nats-streaming-server,e7/4b/300803,b0c43638a8a715004e133939964a671c7c871066
coreos/torus,3e/5d/360024,b53b701fc3af89fdf5f2999ebbc3b778e8c18ccc
xuyu/goredis,c4/d3/374679,89fbe9474b3758ff3adf0b7b29c95aeed115fb7b
nsqio/nsq,b0/fe/223066,6c64ce0d958a844106715cfaf52d7bd8ceef4af6
nicholasjackson/building-microservices-in-go,55/bd/38005,b149654ddfc6de52bd7b457e1cfe8a5ed3804c3d
pilosa/pilosa,13/4b/439268,3e349594b18615fd3052c0711207ec28ffcdcecd
allmad/madq,fd/02/313912,22430d5d4329139c5eb8c5bf61a14a759df0fee5
PuerkitoBio/purell,e6/f8/228182,b938d81255b5473c57635324295cb0fe398c7a58
Masterminds/semver,4a/0c/152436,abff1900528dbdaf6f3f5aa92c398be1eaf2a9f7
pgpst/pgpst,c2/2a/218703,7438d6acf5626e9b9356ab385f56646a13e606ae
containers/virtcontainers,a3/f2/182120,fd5f0dd25a809c61cd4f7f6dfa3d55864961cb80
prataprc/monster,45/87/171932,0d3ff14e39c9f3dc59b579648b9a18b893d149c6
go4org/grpc,e0/b7/325478,11d0a25b491971beb5a4625ea7856a3c4afaafa5
Clever/kayvee-go,b7/15/179775,1afac3428dd45c5495ba844f2f257d6b0e2493fd
robertkrimen/otto,10/64/421068,49fee9c1c0db1c366003ede4cc665f9924a97521
jaredfolkins/badactor,b2/8c/185397,5fdf0ec469b68d844cbe36ace8101ead16359f1d
mitchellh/mapstructure,27/e0/67609,d0303fe809921458f417bcf828397a65db30a7e4
fujiwara/fluent-agent-hydra,cd/cb/338740,da59b0c40f6f3d8720dbfc1899a52c771e861ddd
gocraft/dbr,2d/8f/401224,c4f8f99b25c74a821ffa41ca2e339cc24a6b4a67
btcsuite/btcutil,74/82/377,5ffa719c3882fd2ec1e8b9f4978066701c31a343
diegohce/camerata,a5/bb/261572,d6a8a5ef192cb77de6d5f6556e55e7233a64164f
tjim/smpcc,45/1c/370411,afad843cf1d20085a2b1da225b4a5e777c958058
alanctgardner/gogen-avro,d0/ad/334411,c3b082f2e95dffb84fb9462ac5916c9ed20198f5
agnivade/funnel,34/0b/197606,6f85e810e2b9f5a34256f427579527699efcc7be
rainycape/magick,ea/8f/29974,3156ecd81fb6b8ef6dea32908deb8799c7ca1683
tideland/golib,e5/3d/191211,f77a47258e001a0bd32a25d85b54bac1c3347ef3
m4rw3r/uuid,ea/2a/208911,00c72d48d5aaaf3058e26d9641164c43ba239f33
hiromaily/golibs,46/fc/193616,bba90f98c069e2079036ae7661612b771e4bfd4c
cihangir/presence,d9/8a/233006,943ffb0696b6300ae92e2e6a480a8933eb3983f7
albrow/zoom,a4/27/391448,d56f99c176184375ba9e28bdc96286825f206711
paulbellamy/mango,2c/5c/308926,ab2e515177a13ea59a408e19d804c1a90a25ce35
nfnt/resize,f5/af/464016,891127d8d1b52734debe1b3c3d7e747502b6c366
sorcix/irc,37/85/165133,8becc86e7db2305c7398053e939d50e804a4df72
syndtr/goleveldb,2c/b8/203675,8c81ea47d4c41a385645e133e15510fc6a2a74b4
juju/loggo,19/07/76194,8232ab8918d91c72af1a9fb94d3edbe31d88b790
arangodb/go-driver,14/e8/202709,5f73c61bd19f0ea02a45cc5aaab0837772b320ea
azoner/gox12,65/45/451515,c403abf24e897e06d1beb5252c4efa3654ca4626
robfig/soy,bf/3e/344993,9d92c1999f49cbdcf4239b5e5f6845b7d391f175
OpenWhiteBox/AES,f9/78/467147,b7fcb3c27b6322aa3496d91f7f70c7de1e220478
atlassian/gostatsd,bd/99/381256,3db44335a0752c671ce44d2ca3ffa2b9990c1173
schollz/find,7f/da/52358,1ec54edf951f2c30e83726f57bff1037be97ab76
tidwall/buntdb,09/f8/320757,83418750ee775aa24194606fffe7fec391975a65
nelhage/gojit,b2/7d/422751,4098a5faeff15130723df4c809d39c4d5faac3e4
NullHypothesis/zoossh,7a/ee/365373,4373553837df2965019076e4116cbbfe2614150c
siddontang/go,87/6e/90366,cb568a3e5cc06256f91a2da5a87455f717eb33f4
mkideal/pkg,d1/de/351452,3e188c9e7ecc83d0fe7040a9161ce3c67885470d
ryszard/goskiplist,24/75/71848,2dfbae5fcf46374f166f8969cb07e167f1be6273
cayleygraph/cayley,65/3f/312091,05f225d85d87eb636844ec89b21f0c406c6f6000
DataDog/datadog-go,27/83/102720,65671c440e8fa4ccbbc5a5c6c499a3c9a039f84f
yourheropaul/inj,af/f9/269863,9250637df1083710a57c981a0fd555511eebf99f
araddon/qlbridge,3f/88/465751,27a717152fda18d635414dae32894395750911e2
CloudyKit/jet,1d/70/122250,a1c4500d4bee4ecb9a38d6cded7c13e86f2b1e28
ld9999999999/pqpooling,bb/99/75067,960c4aa2da14eb1cd8722a97060af557943ee3ec
digitalocean/captainslog,6f/c2/91056,e1e53277000d9ba09da1c8e0d73119c38e6b052e
git-lfs/git-lfs,81/02/156096,1e17c36a30899a150921a6e62d8a7be459afc1ab
raintank/metrictank,6e/25/75415,cf93a64751450aaaddd7cbb0cca2100a986205c7
jnjackins/graphics,0d/68/347191,5a7261733ccd386e9b9df657358d5662d606d125
phil-mansfield/shellfish,78/a9/254554,8a280d667cb74d9b94d898c81694c5cec1f8047e
cd1/libvirt-golang,ab/22/309713,ffa1cad96e479d852ea52fbbf333107e28f2e186
micro/go-micro,c5/99/444704,9438fae607eddba286723575340f45bc1831a4f1
tendermint/tendermint,56/79/218289,7f3c697b6e4c624aa0f8d29ff97e9bfe20deb8f9
foursquare/quiver,7a/4e/94868,aa90671e0757094e528bd817a0113a719062250c
jmoiron/sqlx,26/e1/418931,d9bd385d68c068f1fabb5057e3dedcbcbb039d0f
shijuvar/gokit,e2/87/322193,1ee1979ea5d6897c64191d3971ab70a5abb3941f
aymerick/raymond,cf/d6/250749,72acac2207479d21dd45898c2a4264246c818148
uber/tchannel-go,c2/ec/355858,0cebd4eaef5eb7430bdde80761471b05af366a8d
op/go-logging,f9/10/473770,970db520ece77730c7e4724c61121037378659d9
StabbyCutyou/moldova,13/d8/189606,8cae5764dd5d63d033d9c9bb276598094ee34cc7
godbus/dbus,21/b2/394979,37252881b3a87eaa2eb04b0ff2211f54f45199ab
cloudflare/dns,a7/fb/172167,e20ffa3da443071c7b3d164dec5b1f80dfb2ecf3
google/periph,ae/1c/297893,38a38c6814981197771b569dab79a1fad20f4a84
OpenTreeMap/otm-ecoservice,84/82/284966,ebc27d05169d229611b4aafb681f5aa353e12020
Redundancy/go-sync,47/19/6676,8931874cad5cacc627b94fcbcb182460e174aeef
go-openapi/runtime,4d/76/213408,40a2567d3dca09368d5f53045840490cfc9c62c3
v2ray/v2ray-core,59/a8/436618,b17f89cf571459c1be032b965f88c480cec926da
go-playground/form,b4/fa/307445,20d04065dbc6f79aac03bbfd49b6a9e0658f5842
JLeliaert/vinamax2,45/c7/229510,1989004ca3bdaa1390135f277fb9be6a9490d483
btccom/copernicus,6c/43/392641,c0c3d0670918a8940da504774b986c46e94bf6a5
klauspost/pgzip,34/6e/295299,0bf5dcad4ada2814c3c00f996a982270bb81a506
fmstephe/flib,7f/97/62286,6b7f6983c24c11981805683d7a624c5c032311ec
guregu/dynamo,14/69/249955,f6629bc6b1a0d7b52e1e025bfc8f6eaf75e7bd2a
dimfeld/httptreemux,d8/0e/436387,55bdaa3f4bf4cf91acd94701fa2044fb487c455b
weidewang/go-transit,da/82/273779,cb808d060587afc331bdab7c4b6b68a3313da427
timshannon/bolthold,cd/c9/157003,a0cbe4026e4236b898f12031c312e39becd63ae6
google/uuid,97/d6/421485,6a5e28554805e78ea6141142aba763936c4761c0
zenazn/goji,54/6a/375658,4d7077956293261309684d3cf1af673f773c6819
cpmech/gosl,15/a8/474846,cd4c3df381e5f3f4972270779eb425059d44c241
jayjanssen/myq-tools,c8/42/173760,89b14352547bfb1b93bc3447638076e321a8209a
japm/goScript,22/f2/264692,caab90145b05376536bbab332312f4812123e197
camlistore/go4,cd/d3/339397,034d17a462f7b2dcd1a4a73553ec5357ff6e6c6e
rdwilliamson/aws,46/7b/449103,54608bb65939fc94439865d46598a57f7f15fb0e
jabong/florest-core,16/cc/269023,e96400696a72520a4bf04a4d7d19e104ace0a0d1
pp2p/paranoid,46/cc/466912,08e10f212ba5d1a2be60d3b61c490a1918461e9f
hprose/hprose-golang,3b/ba/321066,b80c151b4f94db880307b473b049fc65d7fc5a2a
golang/snappy,a1/80/144927,553a641470496b2327abcac10b36396bd98e45c9
bronze1man/kmg,b1/8c/216766,580fc743cab3c4939a7570055230b88e1f6f830c
pborman/uuid,af/c5/264230,e790cca94e6cc75c7064b1332e63811d4aae1a53
valyala/quicktemplate,5c/f3/95727,6abbd1b822699a4925c76df1740b266f17c2c9ae
dgrijalva/jwt-go,8a/c2/354468,a539ee1a749a2b895533f979515ac7e6e0f5b650
go-macaroon/macaroon,75/4a/406056,d8fd13e6951f2ce46f0964a58149cf2f103cac9a
rainycape/memcache,59/ab/140751,1031fa0ce2f20c1c0e1e1b51951d8ea02c84fa05
dustin/seriesly,24/71/360042,e5ee8fc0b249a7be14ff52a98688120dbf7ff06a
nats-io/gnatsd,74/5a/48161,b6e43c0dc1951a4f88c929bbb72c41c3c2b5dc7a
cloudfoundry-attic/lattice-release,45/a9/338853,0c2f65d99ac65cf66f1fbd913b5037d507906aa9
golang/proposal,79/48/222857,d1c7836dd7a8bed502d4eda846d6fc88fcd48bbd
coocood/qbs,11/0d/71570,8554e18a96c91918e49c8cb375ece4876e69c1f0
blendlabs/go-util,9f/e4/235622,6564ff05cc50b880cde8fa1d4265e7ee3a4aba68
jeromer/syslogparser,a1/f3/243636,0e4ae46ea3f08de351074b643d649d5d00661a3c
samuel/go-thrift,28/d7/335166,e9042807f4f5bf47563df6992d3ea0857313e2be
couchbaselabs/indexing,5d/ec/381128,5d1c7d390fc49536355f4ff1200b848140fde5fa
Netflix/rend,c0/73/472515,1efdce713eceed3eeee350b55a541d7943fb1d0b
markbates/pop,7f/56/439094,c6f59505fb697eb388312c1018b65fa6ed6c44bb
mewkiz/flac,01/24/83581,b49238df8538b0cbdc903f7efec8c5dbff1fed2f
ipfs/go-ipfs,47/0e/12054,fa5c0d40cdd9a2524340b3ee5555e5f0536e42a8
mailru/easyjson,06/3c/236180,2f5df55504ebc322e4d52d34df6a1f5b503bf26d
minotar/imgd,76/7d/233802,ebc7cef66d592b36b291cb3d53002ad971e291bc
Everlag/poeitemstore,bb/ee/344588,89d8475e78565b97e913296b18e69c0760f37131
VoltDB/voltdb-client-go,db/d3/258864,7c323a5734063ddd22044039f010d34c8365d13d
mailru/dbr,00/38/292684,cbd310e60cb524a38f99c0540f550133ed0d6eea
livepeer/go-livepeer,d8/35/114479,fe5a9c1dcca1863fb206a67db2f7b6972cf5793f
go-kit/kit,46/0c/330151,9917269ff0e9fc93df46474b411ea1716195a61b
cloudflare/golibs,ae/84/359791,c264325fca7b3901d89e77359e1f84f9eb1e6ec2
ahmetb/go-linq,69/6f/472566,67424dce7b47e42b7f2373557878fd6e3f2d8c44
couchbase/moss,f2/83/139339,f71873811a1323b04a1e2fdd68b2a1c0ee7bee80
GoogleCloudPlatform/google-cloud-go,fc/9f/288793,558b56dfa3c56acc26fef35cb07f97df0bb18b39
jdkato/prose,6c/d4/164625,116c2a8f2978d4f3bf04fefbe90a4eb29af882f2
connectordb/connectordb,09/3b/251927,33f06091079a607e0b02eb4da57a3c26cc4a60ff
dearplain/fast-shadowsocks,a0/ff/297557,50e616f764d85b7fe4b48d4dcf3bb8ce9ab97366
pierrre/imageserver,be/04/244138,a564164fd0d8af7275b3199f94731a62450e3193
blang/semver,2b/40/121612,4a1e882c79dcf4ec00d2e29fac74b9c8938d5052
A2B-Bikeshare/go-flux,60/3b/423620,035149e07ba1cf0bbd1bc083f894f443b024347e
vbatts/tar-split,5a/d3/255626,b9127a139315e57ebc26030e7decf72d0a20acb4
serbaut/go-mysql,fb/70/36854,22ee27d5ccd5d820825b22af245712dd81743095
mesosphere/mesos-dns,f0/5e/113600,9d21ea6de38bd371e34bde196ceaee94cdac8a2c
tomnomnom/gron,c0/01/154702,c463f7ed034f0b387f6a50c6bfd44194c3ebaab3
smancke/guble,c8/0d/336313,95aba8dadfa9fe369d48ae9227e342417bcec195
semanticize/st,aa/6b/6369,5fecf9ce9b60b15f9cf951571575c418fc4b1d3a
signalfx/golib,4b/82/361236,cb7680940d605b817db79790c241eed2a00fa6e6
grpc/grpc-go,e3/b6/165975,3c33c26290b747350f8650c7d38bcc51b42dc785
sourcegraph/go-vcs,e0/e2/179367,0167c4b5d53556d299b6a5ba828991794a257ff6
splace/signals,5a/88/375963,0ff28e741439d79d5896d57490a3da8d5e65fa17
dustin/go-jsonpointer,07/8a/62547,ba0abeacc3dcca5b9b20f31509c46794edbc9965
powerman/rpc-codec,90/23/193387,d10c0e9cfeac32cd94ee57c8eb8728abd6594618
numbleroot/pluto,b1/3f/247181,57257cd684ffd21d68ee5e8647717ef50f239646
beeker1121/goque,cd/95/340481,4044bc29b28064db4f08e947c4972d5ca3e0f3c8
troubling/hummingbird,9e/09/365733,199ff11a87615c83f1d770a9be76ad7160a51b97
tormol/AIS,8b/eb/255450,9601c9808f2de0d7afe894ae844af2e494b94bb7
ppcsuite/ppcd-old,77/31/138230,97f7567be8991360a7f5f2a4a100f9d0b0a42cb7
klauspost/reedsolomon,e7/f9/231999,18d548df635f0d2c5c0e6bfc500d425ba1859403
muesli/beehive,de/21/449509,d5531183f2c8d6b5627c77afd82fdfa9c9f8f636
cactus/go-statsd-client,3e/e1/440718,1139cdac1a56e404b5382e3a3503a2c587d2c0c3
go-gl/mathgl,5e/d4/420628,9e3ea3e806141087fbb83a8a8e7038bf73eff120
janelia-flyem/dvid,b8/94/22929,6e21c1c7adb128352a2047e280189941ad682356
manyminds/api2go,0d/2f/374194,b893b9448d075a17008d94413004e337705bb212
cosmos72/gomacro,16/02/263228,bda2cfbebf53a9bb579207fefd1edd126894241b
google/gopacket,60/a5/437633,8af772c0bcc826f671fd7c133917fec9686d720d
lazytiger/go-v8,b2/df/451496,b2466929848d7bb2a89b233cd438bd690af96e50
codedellemc/libstorage,97/99/230555,99ac57ec2fc62216dcf049d91170d1a504abec3c
julienschmidt/go-http-routing-benchmark,f6/de/317197,734f0bc02291c40a50bce298da43a2db849c42a3
chihaya/chihaya,81/8c/429874,13c71b4ee127a3be43cfe30fd4e52ca4a395bb6e
json-iterator/go,14/0c/154896,87006441968485a9dc330018b02bd7a015f5a12b
open-policy-agent/opa,b9/02/176015,a204d799893d034d77a0887deb07655a7d793cb2
MG-RAST/golib,08/af/242287,7d7ad0f369417de4a2c2ce6f2cf7509bc99c6893
hashicorp/golang-lru,6f/1a/56719,0a025b7e63adc15a622f29b0b2c4c3848243bbf6
miku/span,f3/56/43118,0d1a5cbefaa543e79ed4544a0b19d9221f9b0711
liangdas/mqant,03/e2/402202,d821932de5134090fa5d6d76bb8ab85ccf3e1206
luci/luci-go,d7/09/56329,494156a450069cafd4bee1bbd43f327a148cb698
eleme/banshee,cd/81/147106,55a07c00cd68250e328b151922fe1de7d80bf545
ngorm/ngorm,f3/b5/69103,0b952b033508e022d1781dbdcb83f6fb7acdaa3a
pquerna/ffjson,7c/87/402043,0a1032732ea92f86ab22e27b9d55cd182f2f4a1b
lxc/lxd-pkg-ubuntu,b9/03/56380,80d3b9a56b5cc58770f2a9c5c38dca7b8462b53a
bbiskup/edify,72/d9/126754,bdd701a3ca13e90e0ba2fd5642e4f54afbefc699
Psiphon-Labs/psiphon-tunnel-core,ab/7d/309494,cff370d33e418772d89c3a4a117b87757e1470b2
elodina/go-avro,a4/79/182172,0c8185d9a3ba82aeac98db3313a268a5b6df99b5
coreos/mantle,a4/a1/68303,2266b267febcd49bd6ec6a54c21ae12b5b8f613b
toggl/pipes-api,ea/85/357973,63d57a2b2afc68ad502e1608c48ad53e1b76c513
SchumacherFM/wanderlust,95/77/380610,b6d3b3cbeafe84959e27943cdb11ca2715d84bb6
lib/pq,82/df/391690,8837942c3e09574accbc5f150e2c5e057189cace
golang/geo,2d/09/460805,c09b206546d1c7448bee892c56c21cc2bcd7e973
ernado/sdp,45/24/336078,43b85ad77caf66f9a964128da8c6c22aee23c1bb
prometheus/tsdb,68/0b/438372,d492bfd973c24026ab784c1c1821af426bc80e90
ericlagergren/decimal,57/46/234458,522450d1e655d86ef13b0bfad42d090a0240ce03
getlantern/zenodb,ad/14/369733,dde0dea64ee088d6107a4ec6dfd6de6c2ad38faf
cznic/kv,fd/ad/270683,892ccf731fb7aa5e9aa300eb24456d1519afcfc7
alexflint/go-restructure,32/62/262730,a509d071de2811703b877e94d7c91e27fb8c5086
rs/cors,f7/2b/112041,8dd4211afb5d08dbb39a533b9bb9e4b486351df6
NodePrime/jsonpath,33/1c/16046,84403ded544328c99be3472727667179eef23a91
anacrolix/utp,18/32/471917,adfb02f3172f79816912bcf58f2b58531624ae68
pkg/sftp,5d/ae/135005,4553269743755b02f6aefd5c4a7ba47c19be25ec
lionkov/ninep,89/f0/51902,3bca0642e7d52e258a2402710873c31a5e15424a
DNAProject/DNA,19/40/109719,d40845d5cef009faa678df19d1cb3bdcc5a1df03
cznic/mathutil,d3/6e/203651,6baf61e0317058e3207936f50e310bd500fbbdb0
cactus/go-camo,97/29/182571,75aa9802f7f864a92f7a57da2eddf1dd26eaf23b
zombiezen/go-capnproto2,2e/2e/397223,26adb03f65aa57473bd1942a41f2840bc47ea793
mcuadros/go-syslog,a3/1e/287903,11c69e484089895e555dd5f5e9698add58e4fc63
uber/zanzibar,86/0d/377297,3120d228c32d302723490640cb96a90d50e4e6b1
gomqtt/tools,49/cf/47860,682e794cd4d0f7213bc7825d57e9a930f64b5426
nulpunt/nulpunt,c5/3b/38532,096639196a2c0ab7a638041ad5d1ec0df58e1bcb
stratumn/sdk,f1/76/360735,19f0322e1dc9108de350e35ca4d18c9b014a34a8
vova616/GarageEngine,e4/2f/452400,c7cdaa04123ff5d53814f5bbca4c55ac7f2eb487
mgutz/dat,18/f0/439881,17a471bd7e54e28d1cdf60d98ad1b4ec1153ed9a
mna/gred,6c/a9/319751,cf07a88c0746e196780b10816ea4d7294434b4c1
goframework/gf,91/f9/372675,bb3bbde812bb4db649483624bd9a9508136c5ba4
devfeel/dotweb,39/4a/318699,9ed6c4f34618f7866406e03fc907e94cb0064b30
glenn-brown/skiplist,cc/cf/25717,b6428f513193ed1c98b23e58aa617683eb0ff07c
docker/libtrust,e7/6d/41206,aabc10ec26b754e797f9028f4589c5b7bd90dc20
centrifugal/centrifugo,7f/f6/54733,889b943fdd537b0075d40eda3a82d38193aa6c91
skyportsystems/gopacket,3b/67/67992,46d7c7ed72353f42bc9db9b6f7abd3ed9f71e7e7
moovweb/gokogiri,64/fd/89041,eafc181356de1da75468a7bdf54b430393f9c0e3
simia-tech/netx,3f/fd/59774,10ca42036203301cedb872c89fd8f03f3ea58cfe
vmihailenco/msgpack,7d/70/86468,d91c9f43689d8565046de42f51a19bb80ebb8360
fiorix/go-diameter,0a/e8/368285,8fc64b197ee2b9805a74fa837cf6d6d9ac26ed23
shadowsocks/shadowsocks-go,ca/6c/34547,5c6f652e323ffe46b8b417408cd519fc15a11e70
klauspost/compress,e1/32/242473,f3dce52e0576655d55fd69e74b63da96ad1108f3
bread-editor/bread,f1/8a/352014,b2d2da79441678e1d61feab9a803636b0202c041
privacylab/talek,15/a1/438982,27ca5ecb5ef7d385a4fa246e1b0635e8488cc21f
lleo/go-hamt-functional,98/04/423869,049d4845e1d44ce98020e3a150e10ea1486794af
dchest/captcha,ad/2a/444879,6a29415a8364ec2971fdc62d9e415ed53fc20410
rfjakob/gocryptfs,cd/fe/297913,b6bda01c33d27afa1df6bdc2dc9f3e352cc8d16d
simonz05/godis,92/85/90107,109ffb8e37383eb0e84811aefd5c6b952dfb005d
longears/pixelslinger,7b/63/462992,49f74d5cb3ab99638a7d7f4b4c9b713ebba1e5b8
yarpc/yarpc-go,70/5b/61151,2f310ecedb10b86341cd5c2ae0be4656755337fa
efigence/go-nagios,fc/63/188161,f341cc2674505a90c9a82096785d34216a59d233
dgraph-io/badger,a3/2e/326250,1c84ab8cd8f3528ff9a68059db2e4fc4d0b4f947
fatih/set,39/e5/378553,27c40922c40b43fe04554d8223a402af3ea333f3
montanaflynn/stats,ba/05/252101,41c34e4914ec3c05d485e564d9028d8861d5d9ad
reflexionhealth/vanilla,f8/07/165375,b653cca1019e5f6d62629376fc18600305920e8c
Jguer/yay,e4/5d/20194,b7eb2f963f757541940ca8af0d30b620624ea1ab
SoftwareDefinedBuildings/btrdb,f6/43/190100,e6abc962e036a065bfe32c94622b1a7e4e5ba46c
myesui/uuid,cc/79/430330,835a10bbd6bce40820349a68b1368a62c3c5617c
torden/go-strutil,c5/eb/413546,8d6be816a761f24a1285a5193123ee90cd080b60
smartystreets/go-disruptor,b1/d3/109544,1d1ef7a0321ccbe402c145b20ec0ad7546ba8f0e
lomik/go-carbon,23/7f/262503,dec023e6f5ff98e8ac96891f751a72dcc61503ae
antha-lang/antha,c9/49/268229,248436eb6c7b54b304576d8cc366ce5fa7dd2cc0
cosiner/gohper,8c/ce/377976,bf1b02676d697b188677042f39d15457630268d2
Nordstrom/choices,3a/96/228198,cc6e9248b70847455f4adc9495ae272db2b4820c
vole/vole,0e/f4/434490,7b8fe2690981405f6f2f8288fcfc6fd4a9565419
freeeve/cq,af/eb/207448,addee224007ab50e947e8aea7aeaebfe1bc6450e
peterbourgon/diskv,d4/48/201555,5dfcb07a075adbaaa4094cddfd160b1e1c77a043
containerd/containerd,f1/55/284592,8e1a04ff9ee302ae3b37013c42e8486465372cd9
micro/go-plugins,7d/57/178271,893648c1bd6846b46bc82f91a913080f59736f27
go-mgo/mgo,62/c8/388275,9a2573d4ae52a2bf9f5b7900a50e2f8bcceeb774
hyperledger-archives/fabric,dd/70/83334,5cb39849ec2adc35055e5233556848eb7370cc85
golang/crypto,6d/fe/29140,b286ef4198388fdb0e4ae62be12820df5da9b4c2
01org/ciao,77/75/355132,3833b1fed7c8eba0f2fdf5ed7f5858c26c4a6500
jackc/pgx,f8/79/52952,c5278b8b573010219404da6b1966d69fc1d02bdc
segmentio/objconv,06/a0/257574,dc5529a643e8c19714ceb7c159692db6866d5750
polydawn/repeatr,83/db/1138,615f57306c7bfbea934cf264a9230c25775a8115
istio/mixer,c9/72/275945,1c20e334b2fb74c7ce5aff95a6aeed88bd4dcfe0
limetext/text,00/dd/44521,637728756caf5542b6be03251bbc28a17493b3f9
gtfierro/giles,8a/dd/385949,87d254fa0bcf62744f72b359f34266359e0dca8e
biogo/biogo,6f/35/306661,2fcb9b14416ac1572368eca0e5c1394594930375
go-playground/log,d9/9d/307071,effffa996b223e0eb700093c6ea8d75cdf0dc908
Lafeng/deblocus,f9/53/350851,de18a0c686c0878564d5d5155ba154e46bd02237
adjust/redismq,7f/9f/202485,e2a56d9bb404cb0e47cc737fdc3fe1fd6c095743
ungerik/go3d,6f/b3/113652,b765e791b61c6db0b9ff62072092d28395aeb106
apcera/util,9e/88/427368,851b52b8a71e1ab411ec56401c1efbce5e9652ea
uber/cherami-server,5e/f7/425460,235afc97baf37750c8dbb510a3a245f11e8fb464
matloob/regexp,c0/12/50140,a9296bf6ee794d8726f013c254654bb606da0b7e
korobool/nlp4go,b8/b3/271454,e26736d730c71e953947e1432fa4ba86ad674262
tsurai/jantar,b9/13/454146,aefdbbffc86dea101cd5c2451558e22200fbe1ab
fabiolb/fabio,3b/00/66789,67eda269b2ad01adf61cfbb4e8179b28beb7cc0c
gocraft/web,c8/1f/21746,6a73d2f729df8199aca71885fbc470a5576a29d2
go-mirrors/goprotobuf,00/3d/274035,24a471066e8bd38c107711d0944da2025a1c21ba
spacemonkeygo/openssl,73/06/37887,30b9d3d440a6528af95f6625d5d2d8e47603043b
bitly/statsdaemon,a2/46/466867,481ea9dceaf0da956ab01a5c81bad8a3aaed7972
nicksnyder/go-i18n,f1/a8/44664,3e70a1a463008cea6726380c908b1a6a8bdf7b24
minio/mc,3a/b3/285480,05f588fd195fe3e235a4951e0beee55e27eac189
tdewolff/parse,1a/8d/331261,e3d09bbcbf6d7721468bbe5deb35fe71da57d0f3
tsuru/planb,b3/63/31509,04787d0e24fcd6d6b05e810378e7d31fabacc09e
DataDog/datadog-trace-agent,45/e2/227881,73a584e7d57533503d8b0074bb151688b5c3dcfc
donutloop/mux,80/c9/239602,a91b4fd3593ca167b58a39783903a0be7a210750
dustin/gomemcached,37/9a/438337,a2284a01c143e355985d192edf3b62a053747c70
avege/avege,f0/98/131909,2f8638e5caf5a8c75efe9c00c669429dd6ec4374
mwitkow/go-flagz,cc/e8/46818,12def25b6a92a8ea1017af73121f6322f62c59be
xlvector/caspercloud,34/66/59937,2ccf43e938868e380894a8404f405630216bb024
TuftsBCB/io,25/3d/446766,22b94e9b23f9a03e2fc8987a5908ec14f290702b
AsynkronIT/protoactor-go,a3/75/183410,ecc56823d98aa6bd790c3d7147c267ee041773e9
cornelk/hashmap,7b/2b/391290,5fee90babde75fb6e9065a9c6459202a3a47ae32
remind101/empire,e7/01/192664,19160d9192fc3111473e70440590edb08a7dc87d
google/netstack,3a/17/160270,a6dae5bc419c44ebba48550cce02b074792e9899
bemasher/rtlamr,6a/d8/53950,5910c8f451f50f85f329aa7efa1eca0e8dc60f12
henrylee2cn/faygo,5e/f5/253055,970526e60a75df7c6804b6bca4775d1efa856d6f
omniscale/imposm3,d1/41/132996,7913d4873fd129dbb22933d55c43bf0d3e459c3e
tsinghua-io/api-server,97/1a/412603,54ff2465baebdc3209b954ef1e3fe70fc5d1f078
satyrius/gonx,0e/92/138585,ccfdceb7de024d5518ec397dde4b2dc386d91ded
Liru/tumblr-downloader,76/92/127102,6a5a97332ef75427e1e3d684626da9c2ccc88c02
roblillack/mars,b3/04/174208,ed9edb53aada9b758367740e36711aded8f11590
gocql/gocql,7e/d4/54081,bb83efe9b64d7f00806f758a14a3ea438c64ff62
mndrix/golog,d7/e8/391245,a28e2a2697753085320289e97116113b30b654db
alexedwards/scs,99/4d/370719,f36d272d74ecae3d61058d91dc7401715b044ca1
sni/lmd,6b/b5/426506,a903e875425ca3652d578af4cfb9a2c38181d3db
go-on/wrap,8c/e2/211966,076bba31ffd7f44d53cf98ba348f8e52fec50f94
goburrow/cache,a1/c5/245931,62c5a52241c3f8b64b8bafa56aec7b016b34f677
go-redis/redis,a1/b5/139211,564772f045d89bd55843d7dc8042e0a599401e09
aristanetworks/goarista,36/92/196273,6c446722131a3182ce8d354a85816742fd61a838
uber-common/cpustat,14/b2/359030,79c1ebd00ceaea633e818915edc51fc11cbcb67a
anthonynsimon/bild,4d/fe/14912,7f2c395b16042d36ab187448a70b9de9ccb5854d
cgrates/cgrates,af/7b/33159,b6857bf9bd68fdc6b4fa43bd07e6aed68d962702
lightstep/lightstep-tracer-go,16/e2/12182,7a9b172199f2df79def78707aaba049a191e74f2
gosexy/redis,e9/b9/225746,19c427d2a3bc8b8cdbb2cbb8f313ed141cb78096
go-btrdb/btrdb,c1/e9/92347,a096b55ec742906eb10b1603ee57c4c6210067d2
cosn/collections,8f/9d/446712,4def9c823fc106d9dde9ef3c266263fde42b11f0
tsuru/bs,0d/6f/194543,3b0b404289c1f000233ec66cace22353539ce8b9
ninibe/netlog,ae/17/207071,caac997cb9b6ab13ca7d0db10b3eb7dd0f268c55
dgraph-io/dgraph,dc/9f/223895,e38b51675477f02f23aa6b4a11307c1f51ce8cf9
btcsuite/btcwallet,56/d7/323053,4222c0464ad2e5c28c073608a144ea925c9f7e2d
telehash/gogotelehash,9d/a0/347076,c0ffc74a9407e26c512dfd10b84c460346fea37b
stevedonovan/luar,5a/d1/271894,22d247e5366095f491cd83edf779ee99a78f5ead
docker/libchan,97/ee/101861,0328dcec840a0659448faf08af087135fffb7fde
src-d/go-kallax,39/fa/407210,2d19136cad1deb380cb37cb596fedec5d86c4a71
goburrow/modbus,b2/2e/450197,9ffe737f567a07534d91277866779e28145440e0
spf13/cobra,c2/96/21213,8c6fa02d2225de0f9bdcb7ca912556f68d172d8c
brianvoe/gofakeit,4d/f3/292141,3c25a0160f665addedf86de0d861bc63edf44d13
coreos/coretest,fe/eb/196193,4f6535a6e6a5de42b3702fa6182808a267eaf4ae
kostya-sh/parquet-go,ba/c2/20406,38c39cafbc387ae0dacc15b1a4c4168dbbf5558e
topfreegames/khan,70/ae/100834,0e91a306e47e5983df0fd1a166669789e702fc7e
derekparker/delve,9c/06/274536,293c5087577a4c14562996ce00dffdeb6aee6751
onodera-punpun/prt,d2/0a/204004,addf94f0820c01a15288454b9787ceec0180384e
sergi/go-diff,eb/8e/336909,feef008d51ad2b3778f85d387ccf91735543008d
remyoudompheng/go-misc,eb/3f/431218,0937b7790bd9a6fa8290998e2b24d2db6639819f
lunixbochs/struc,74/4e/298657,ae5aa8161e35c822b55526833b1635764b740770
RoaringBitmap/roaring,a4/cc/171583,6dacb3b11b80b593f3718e4599c7354711f4f117
vattle/sqlboiler,fd/b5/164415,0b027fa01c78dcc2036564fb7dabbd1229509821
tidwall/gjson,08/d6/269562,c784c417818f59d6597274642d8ac1d09efc9b01
mgutz/logxi,ea/35/301104,aebf8a7d67ab4625e0fd4a665766fef9a709161b
cloudfoundry-attic/garden-linux-release,86/c5/330309,03781d8a8050dd4e3d824ee414c1456eac179cc0
upspin/upspin,b3/9c/370471,6871a5e21df83fa877db826ca38b5b9ac7f6e694
akrennmair/epos,b4/77/278182,8c89f13821d0367ff8a316f9f66850c58d211a5f
dop251/goja,d2/1d/38617,8f3380f012a7a699e478fcff1d0e46a6f2e1abc5
mynameisfiber/gohll,db/d5/427234,0342274b3491d4c3be479f966c1154d6a43fdadc
betfair/opentsp,7a/ce/104828,bd03ed3510508ca916c69792a9001c689fcb5eb2
biogo/store,48/b1/327459,913427a1d5e89604e50ea1db0f28f34966d61602
rainycape/gondola,cd/42/225952,35189449981a46c6b73e39315b53fbc804349f0e
rackspace/rack,56/15/226980,2f85325e748ddf949e14e7cfca2bde462b31ba23
uber-go/zap,b7/ad/254799,acea9071443b209a0df36bbd68adf06708fe9f82
go-ini/ini,d4/bb/476115,3d73f4b845efdf9989fffd4b4e562727744a34ba
limetext/log4go,83/b2/364595,41f52bba2191d3bfa764c6867968eb06acbd8f3c
square/squalor,f7/b5/89087,0e17f418f2a0b3c40050d1c5a35664a4188f1aff
PuerkitoBio/goquery,e1/75/205869,8806ada2a4ab225c06e9106f9631be80932db7ce
zx48/linq,f0/71/277805,993970d644258159e3800d269ce3571931a0540c
couchbase/go-slab,1a/68/447198,1f5f7f282713ccfab3f46b1610cb8da34bcf676f
go-sql-driver/mysql,a9/f1/47895,bf7f34fef176d890dfcc6e94319ac747291bc09a
juju/httprequest,48/1c/175815,3ea2b017bff2bb2aee0d059eb61b7d4a7cd33c83
dougt/go-push-server,8b/1c/55384,ed11692180c544620234ac1da090b744af2d0f72
qjpcpu/sesh,4e/be/57977,8ac39c084133c98d375a45840aac363051247bfa
gocraft/health,81/22/284679,25b40f8580168c1f905a6dba35d471cdc51ca629
rivine/rivine,18/d5/257670,6a2e038feee79c2f198c68370bf1e9447adcef29
blevesearch/bleve,1c/77/34121,174f8ed44a0bf65e7c8fb228b60b58de62654cd2
google/cloud-print-connector,af/31/269572,7f96e5894dbf9eaa67ce75bbfbabaece4ecba834
orcaman/concurrent-map,04/a7/237042,2ae17bc4c860c83513ee50feb9746f3e50d7515d
go-xorm/core,55/11/4328,e9b7412d750de4920b1c7b3ede5a98fd76d38308
influxdata/influxdb,d8/44/63367,62534ce5c1fcb1e7e3962210d74a44917a68381a
valyala/fasthttp,f9/67/448389,498431ce67adb2a2154fb1aad7a35736964c2878
phil-mansfield/gotetra,88/8c/96845,e3578a034497021f3878980d9934f28f1b69cbec
pachyderm/pachyderm,3f/70/339350,91618bc48ac377880fbd8b19fbc4a34f262d4014
opentracing/basictracer-go,59/83/7997,1b32af207119a14b1b231d451df3ed04a72efebf
nekolunar/http2,41/e7/119605,dfd1b467d5e9fed072d352c63b2fb96f30c36006
appc/spec,7d/2f/378052,846ceefb94c79945a09d5a0d244af15647523026
asdine/storm,4b/aa/56526,fd4e78303b53dae137773cc6553a896a9aea2a22
apigee-labs/transicator,f0/d0/415554,442ef78984c0372bf6a2c6a1604421471be1f185
mvdan/xurls,5a/67/148159,7c6b429873f09f77d62124294d43bb6dd17be941
ha/doozerd,65/df/477385,8adec5411b39dbcc94c02b3669ee06379ec83ead
cocaine/cocaine-framework-go,03/07/370048,45b8a8702e6b5dfa18f386adf68d9339c60f6dbf
BitGo/prova,b5/4d/437252,36101a069bad849c8a5a9cd9b529a4e145cb28a2
aclements/go-misc,0a/eb/137940,65b3bde2d4da0e9d602d92db1514eb40bccb1dfe
docker/distribution,fb/7c/111561,f86db6b22663a27ba4d278220b7e34be528b1e79
xindong/frontd,8f/cf/291602,f877a7d8eb60192550468090e46d205c49dcab1c
OneOfOne/xxhash,5a/f0/328879,9f129ced0523605cdde14a954ae4609e366a7998
Workiva/go-datastructures,3c/e6/195683,01ff43b05e5593e6e41f5988797126402611e2d7
gin-gonic/gin,98/e7/169192,735748b359cee5e7f7597128580f6f94bbc0987f
cdipaolo/goml,89/ed/247627,e2d8def04c9a19893aba223c21899c77089651ee
garyburd/redigo,22/c8/323774,57f1cd7de6175c96b423e7ac2534ff2b39e2ef79
coredns/coredns,f6/de/471431,df137d971c884ae70438f410282ba43dfc4ba38a
eliothedeman/bangarang,20/aa/202156,748cd82a7eed2a25c3aae46a11650540240668fa
m3db/m3x,49/e0/213173,f3fdee26896eff88aea63d585eceb6ac417f4530
pteichman/fate,f2/1d/185693,23e5ef650dec9a4847418c30ff6c44ccfd06ac95
ardielle/ardielle-go,3d/35/88100,780d858788e72a55335f778b08f4baceac59a8de
Terry-Mao/goim,63/54/162304,2b30333a76e8b7ba9bcc84d821bffc0733ffa2cd
Knetic/govaluate,07/0f/12009,91facc4ae520fef82c9aee6b6ae720d9ae789131
avct/uasurfer,92/15/458581,58547b533a5426ab563215f47cd1dbcb4300beb7
vladimirvivien/automi,c0/13/68766,9f6f1d8c08722411d6fd0b0617bba1afac12c99d
EngoEngine/engo,90/01/85257,8e756cba47f1f3379590b6689d634b55e92ce02b
kshvakov/clickhouse,da/a3/423683,50b5ca8d4446966eb27e1157dc1e740f3405abdf
go-playground/locales,dd/ea/68606,1e5f1161c6416a5ff48840eb8724a394e48cc534
pelletier/go-toml,fb/66/124393,69d355db5304c0f7f809a2edc054553e7142f016
arnauddri/algorithms,d1/d4/263648,736f5ebe59cfd72b778704fe9ba5e0ba25c775fe
fabric8-services/fabric8-wit,fd/55/203411,7ecb685d440f71316871e80949d68414bdc511e0
sensorbee/sensorbee,99/46/101415,f13387bcadde4109a1c323c87908c187a021ff9b
sjwhitworth/golearn,fd/91/271204,51d7b7d26237915beca07b3872c0e0343e9cde19
couchbaselabs/cbfs,f8/27/280297,f13267c48fd7833271efc2296df03a07d6ccb482
biogo/hts,d8/4d/183160,e3102fbbf97b72e5f9fe4f2a6ccfc95785b59150
sirupsen/logrus,dd/10/317472,7dd06bf38e1e13df288d471a57d5adbac106be9e
m3db/m3db,8d/ea/165320,9710806c9b514d11fa67d339a03aabe0b8d26948
restic/restic,e7/a2/87494,e7577d7bb45a055d509dd388bffb6720fab0def0
go-mangos/mangos,f7/ed/11545,e3181ec4a2a556d80619da0f841e35c2007733af
ryanchapman/go-any-proxy,f2/a2/101104,b8dd7fcb02ec0f13bdfa2c288ba9bce92aca6ea1
patrickmn/go-cache,c2/1c/403001,7ac151875ffb48b9f3ccce9ea20f020b0c1596c8
zond/god,c8/1e/345730,eb47e4398c336499cd173d12be8cbca194f23c04
moovweb/rubex,5d/91/21986,cb849acea6148000db8a55743f71476b0897ea41
Avalanche-io/c4,dd/f4/5071,e2d414e8a9ef6fc131b65aca71db316e455e74d1
asteris-llc/converge,28/71/128335,b8f29e29b814082f2f40be0d9e911a0c0a3f9e90
Comcast/eel,5d/b8/289066,95e0f21e44f7b7f57a6b135ba0d5e479280a029a
daviddengcn/go-villa,e7/7f/313625,3f35da8ba982c734ee972e280e1d947e4c6cf201
h2non/bimg,de/d4/204642,878125c41065e08550ad286218f725b91568c772
eaburns/T,64/d3/58129,0a7b6dc5d73442a3f81b9f9acd7aacef1aad55fb
sammy007/monero-stratum,c3/2d/449157,60262621e2ac6872185455e17f99589895c943ac
mohae/joefriday,e8/4e/30960,444afa54c19902b53bcd62b6260ae9a2236a179b
benbjohnson/megajson,66/84/146816,775aeecdf8b39e0d17749ca8eb4c7d4a5a0662e3